/*!40101 SET @OLD_CHARACTER_SET_CLIENT=@@CHARACTER_SET_CLIENT */;
/*!40101 SET NAMES utf8 */;
/*!50503 SET NAMES utf8mb4 */;
/*!40103 SET @OLD_TIME_ZONE=@@TIME_ZONE */;
/*!40103 SET TIME_ZONE='+00:00' */;
/*!40014 SET @OLD_FOREIGN_KEY_CHECKS=@@FOREIGN_KEY_CHECKS, FOREIGN_KEY_CHECKS=0 */;
/*!40101 SET @OLD_SQL_MODE=@@SQL_MODE, SQL_MODE='NO_AUTO_VALUE_ON_ZERO' */;
/*!40111 SET @OLD_SQL_NOTES=@@SQL_NOTES, SQL_NOTES=0 */;

DROP DATABASE IF EXISTS `setu_map`;
CREATE DATABASE IF NOT EXISTS `setu_map` /*!40100 DEFAULT CHARACTER SET utf8mb4 COLLATE utf8mb4_0900_ai_ci */ /*!80016 DEFAULT ENCRYPTION='N' */;
USE `setu_map`;

DROP TABLE IF EXISTS `buildings`;
CREATE TABLE IF NOT EXISTS `buildings` (
  `id` int NOT NULL AUTO_INCREMENT,
  `enabled` tinyint NOT NULL DEFAULT '1',
  `name` varchar(255) DEFAULT NULL,
  `abbreviation` varchar(255) DEFAULT NULL,
  `info` text,
  `size` double DEFAULT NULL,
  `campus_id` int DEFAULT NULL,
  `location_id` int DEFAULT NULL,
  `layout` longtext,
  PRIMARY KEY (`id`),
  KEY `FK_building_campus` (`campus_id`),
  KEY `FK_buildings_locations` (`location_id`),
  CONSTRAINT `FK_building_campus` FOREIGN KEY (`campus_id`) REFERENCES `campuses` (`id`),
  CONSTRAINT `FK_buildings_locations` FOREIGN KEY (`location_id`) REFERENCES `locations` (`id`)
) ENGINE=InnoDB AUTO_INCREMENT=7 DEFAULT CHARSET=utf8mb4 COLLATE=utf8mb4_0900_ai_ci;

REPLACE INTO `buildings` (`id`, `enabled`, `name`, `abbreviation`, `info`, `size`, `campus_id`, `location_id`, `layout`) VALUES
	(1, 1, 'Nore Building', '12', '', 1, 1, 1, '<svg width="132" height="142" viewBox="0 0 132 142" fill="none" xmlns="http://www.w3.org/2000/svg">\n<path d="M1.5 111L39 1L57.5 8L54 16.5L71.5 23L75 14.5L93.5 21.5L91 29L109 35.5L111.5 27L130.5 34.5L93.5 140.5L1.5 111Z" stroke="black"/>\n</svg>\n'),
	(2, 1, 'Haughton Building', 'dasd', '', 2132, 1, 2, '<svg width="55" height="71" viewBox="0 0 55 71" fill="none" xmlns="http://www.w3.org/2000/svg">\n<path d="M1.5 58.5L23.5 1L53.5 13L30 70L1.5 58.5Z" stroke="black"/>\n</svg>\n'),
	(3, 1, 'Barrow Centre', 'sad', '', 22, 1, 3, '<svg width="55" height="71" viewBox="0 0 55 71" fill="none" xmlns="http://www.w3.org/2000/svg">\n<path d="M1.5 58.5L23.5 1L53.5 13L30 70L1.5 58.5Z" stroke="black"/>\n</svg>\n'),
	(4, 1, 'Dargan Building', 'ss', '', 22222, 1, 4, '<svg width="52" height="55" viewBox="0 0 52 55" fill="none" xmlns="http://www.w3.org/2000/svg">\n<path d="M1.5 41L18 1L50.5 14.5L33 54L21.5 49L25 40L16.5 36L11.5 45.5L1.5 41Z" stroke="black"/>\n</svg>\n'),
	(5, 1, 'GAA Stand', 'sad', '', 222, 1, 5, '<svg width="49" height="60" viewBox="0 0 49 60" fill="none" xmlns="http://www.w3.org/2000/svg">\n<path d="M1.5 36L17 1L48 14.5L29 58.5L3 47L7 38.5L1.5 36Z" stroke="black"/>\n</svg>\n'),
	(6, 1, 'Learning Resource Centre', 'LRC', NULL, NULL, 1, 6, '<svg width="80" height="79" viewBox="0 0 80 79" fill="none" xmlns="http://www.w3.org/2000/svg">\n<path d="M1 45L14.5 1.5L78.5 23.5L62 78L43 70.5L44.5 65.5L21 54.5L19.5 57.5L12.5 54.5L14.5 50L1 45Z" stroke="black"/>\n</svg>\n');

DROP TABLE IF EXISTS `campuses`;
CREATE TABLE IF NOT EXISTS `campuses` (
  `id` int NOT NULL AUTO_INCREMENT,
  `enabled` tinyint NOT NULL DEFAULT '1',
  `name` varchar(255) DEFAULT NULL,
  `abbreviation` varchar(255) DEFAULT NULL,
  `info` text,
  `size` double DEFAULT NULL,
  `height` double DEFAULT NULL,
  `width` double DEFAULT NULL,
  `layout` longtext,
  PRIMARY KEY (`id`)
) ENGINE=InnoDB AUTO_INCREMENT=3 DEFAULT CHARSET=utf8mb4 COLLATE=utf8mb4_0900_ai_ci;

REPLACE INTO `campuses` (`id`, `enabled`, `name`, `abbreviation`, `info`, `size`, `height`, `width`, `layout`) VALUES
	(1, 1, 'Carlow', 'SETU', NULL, 2000.2, 1000, 1000, NULL),
	(2, 1, 'Wexford', NULL, NULL, NULL, NULL, NULL, NULL);

DROP TABLE IF EXISTS `connections`;
CREATE TABLE IF NOT EXISTS `connections` (
  `id` int NOT NULL AUTO_INCREMENT,
  `enabled` tinyint NOT NULL DEFAULT '1',
  `location_one` int DEFAULT NULL,
  `location_two` int DEFAULT NULL,
  PRIMARY KEY (`id`),
  KEY `FK_connections_locations` (`location_one`) USING BTREE,
  KEY `FK_connections_locations_2` (`location_two`),
  CONSTRAINT `FK_connections_locations` FOREIGN KEY (`location_one`) REFERENCES `locations` (`id`),
  CONSTRAINT `FK_connections_locations_2` FOREIGN KEY (`location_two`) REFERENCES `locations` (`id`)
) ENGINE=InnoDB AUTO_INCREMENT=8 DEFAULT CHARSET=utf8mb4 COLLATE=utf8mb4_0900_ai_ci;

REPLACE INTO `connections` (`id`, `enabled`, `location_one`, `location_two`) VALUES
	(1, 1, 1, 2),
	(2, 1, 2, 3),
	(3, 1, 3, 4),
	(4, 1, 4, 1),
	(5, 1, 2, 5),
	(6, 1, 1, 4),
	(7, 1, 4, 5);

DROP TABLE IF EXISTS `floors`;
CREATE TABLE IF NOT EXISTS `floors` (
  `id` int NOT NULL AUTO_INCREMENT,
  `enabled` tinyint NOT NULL DEFAULT '1',
  `floor` int DEFAULT NULL,
  `size` double DEFAULT NULL,
  `building_id` int DEFAULT NULL,
  `layout` longtext,
  PRIMARY KEY (`id`),
  KEY `FK_floors_buildings` (`building_id`),
  CONSTRAINT `FK_floors_buildings` FOREIGN KEY (`building_id`) REFERENCES `buildings` (`id`)
) ENGINE=InnoDB AUTO_INCREMENT=3 DEFAULT CHARSET=utf8mb4 COLLATE=utf8mb4_0900_ai_ci;

REPLACE INTO `floors` (`id`, `enabled`, `floor`, `size`, `building_id`, `layout`) VALUES
	(1, 1, 3, 3, 1, '<svg width="28" height="31" viewBox="0 0 28 31" fill="none" xmlns="http://www.w3.org/2000/svg">\n<path d="M2.5 17.5L1 22.5L20 30L26.5 7.5L9.5 1.5L2.5 17.5Z" stroke="black"/>\n</svg>\n'),
	(2, 1, 3, 3, 1, '<svg width="28" height="31" viewBox="0 0 28 31" fill="none" xmlns="http://www.w3.org/2000/svg">\n<path d="M2.5 17.5L1 22.5L20 30L26.5 7.5L9.5 1.5L2.5 17.5Z" stroke="black"/>\n</svg>\n');

DROP TABLE IF EXISTS `images`;
CREATE TABLE IF NOT EXISTS `images` (
  `id` int NOT NULL AUTO_INCREMENT,
  `enabled` tinyint NOT NULL DEFAULT '1',
  `name` varchar(255) CHARACTER SET utf8mb4 COLLATE utf8mb4_0900_ai_ci DEFAULT NULL,
  `info` text CHARACTER SET utf8mb4 COLLATE utf8mb4_0900_ai_ci,
  `src` varchar(255) CHARACTER SET utf8mb4 COLLATE utf8mb4_0900_ai_ci DEFAULT NULL,
  `campus_id` int DEFAULT NULL,
  `building_id` int DEFAULT NULL,
  `room_id` int DEFAULT NULL,
  PRIMARY KEY (`id`) USING BTREE,
  KEY `FK_image_campus` (`campus_id`),
  KEY `FK_image_building` (`building_id`),
  KEY `FK_image_room` (`room_id`),
  CONSTRAINT `FK_image_building` FOREIGN KEY (`building_id`) REFERENCES `buildings` (`id`),
  CONSTRAINT `FK_image_campus` FOREIGN KEY (`campus_id`) REFERENCES `campuses` (`id`),
  CONSTRAINT `FK_image_room` FOREIGN KEY (`room_id`) REFERENCES `rooms` (`id`)
) ENGINE=InnoDB AUTO_INCREMENT=2 DEFAULT CHARSET=utf8mb4 COLLATE=utf8mb4_0900_ai_ci;

REPLACE INTO `images` (`id`, `enabled`, `name`, `info`, `src`, `campus_id`, `building_id`, `room_id`) VALUES
	(1, 1, 'sadsad', 'sadsad', 'images/image.png', 1, 1, 1);

DROP TABLE IF EXISTS `locations`;
CREATE TABLE IF NOT EXISTS `locations` (
  `id` int NOT NULL AUTO_INCREMENT,
  `enabled` tinyint NOT NULL DEFAULT '1',
  `geo_longitude` double DEFAULT NULL,
  `geo_latitude` double DEFAULT NULL,
  `x` double DEFAULT NULL,
  `y` double DEFAULT NULL,
  `z` double DEFAULT '0',
  `type` enum('Location','Stairs','Elevator') DEFAULT 'Location',
  PRIMARY KEY (`id`) USING BTREE
) ENGINE=InnoDB AUTO_INCREMENT=15 DEFAULT CHARSET=utf8mb4 COLLATE=utf8mb4_0900_ai_ci;

REPLACE INTO `locations` (`id`, `enabled`, `geo_longitude`, `geo_latitude`, `x`, `y`, `z`, `type`) VALUES
	(1, 1, NULL, NULL, 250, 200, 0, 'Location'),
	(2, 1, NULL, NULL, 550, 110, 0, 'Location'),
	(3, 1, NULL, NULL, 200, 150, 0, 'Location'),
	(4, 1, NULL, NULL, 550, 10, 0, 'Location'),
	(5, 1, NULL, NULL, 120, 500, 0, 'Location'),
	(6, 1, NULL, NULL, 400, 500, 0, 'Location'),
	(7, 1, NULL, NULL, 450, 550, 0, 'Location');

DROP TABLE IF EXISTS `logs`;
CREATE TABLE IF NOT EXISTS `logs` (
  `id` int NOT NULL AUTO_INCREMENT,
  `title` varchar(255) DEFAULT NULL,
  `type` enum('Warning','Error','Info','General') DEFAULT 'General',
  `info` longtext,
  `date` timestamp NULL DEFAULT CURRENT_TIMESTAMP,
  PRIMARY KEY (`id`)
) ENGINE=InnoDB AUTO_INCREMENT=9840 DEFAULT CHARSET=utf8mb4 COLLATE=utf8mb4_0900_ai_ci;

REPLACE INTO `logs` (`id`, `title`, `type`, `info`, `date`) VALUES
	(9336, 'User Request', 'Info', 'Attempting to get data from User with GET', '2023-04-17 20:06:50'),
	(9337, 'User Request', 'Info', 'Attempting to get data from User with GET', '2023-04-17 20:08:24'),
	(9338, 'User Request', 'Info', 'Attempting to get data from User with GET', '2023-04-17 20:10:49'),
	(9339, 'User Request', 'Info', 'Attempting to get data from User with GET', '2023-04-17 20:11:28'),
	(9340, 'User Request', 'Info', 'Attempting to get data from User with GET', '2023-04-17 20:13:21'),
	(9341, 'User Request', 'Info', 'Attempting to get data from User with GET', '2023-04-17 20:13:39'),
	(9342, 'User Request', 'Info', 'Attempting to get data from User with GET', '2023-04-17 20:13:42'),
	(9343, 'User Request', 'Info', 'Attempting to get data from User with GET', '2023-04-17 20:13:52'),
	(9344, 'User Request', 'Info', 'Attempting to get data from User with GET', '2023-04-17 20:14:05'),
	(9345, 'User Request', 'Info', 'Attempting to get data from User with GET', '2023-04-17 20:14:27'),
	(9346, 'User Request', 'Info', 'Attempting to get data from User with GET', '2023-04-17 20:16:31'),
	(9347, 'User Request', 'Info', 'Attempting to get data from User with GET', '2023-04-17 20:16:57'),
	(9348, 'User Request', 'Info', 'Attempting to get data from User with GET', '2023-04-17 20:19:35'),
	(9349, 'User Request', 'Info', 'Attempting to get data from User with GET', '2023-04-17 20:19:50'),
	(9350, 'User Request', 'Info', 'Attempting to get data from User with GET', '2023-04-17 20:19:58'),
	(9351, 'User Request', 'Info', 'Attempting to get data from User with GET', '2023-04-17 20:33:48'),
	(9352, 'User Request', 'Info', 'Attempting to get data from User with GET', '2023-04-17 20:34:27'),
	(9353, 'User Request', 'Info', 'Attempting to get data from User with GET', '2023-04-17 20:34:34'),
	(9354, 'User Request', 'Info', 'Attempting to get data from User with GET', '2023-04-17 20:35:15'),
	(9355, 'User Request', 'Info', 'Attempting to get data from User with GET', '2023-04-17 20:36:03'),
	(9356, 'User Request', 'Info', 'Attempting to get data from User with GET', '2023-04-17 20:36:12'),
	(9357, 'User Request', 'Info', 'Attempting to get data from User with GET', '2023-04-17 20:36:37'),
	(9358, 'User Request', 'Info', 'Attempting to get data from User with GET', '2023-04-17 20:36:42'),
	(9359, 'User Request', 'Info', 'Attempting to get data from User with OPTIONS', '2023-04-17 20:40:04'),
	(9360, 'User Request', 'Info', 'Attempting to get data from User with OPTIONS', '2023-04-17 20:40:17'),
	(9361, 'User Request', 'Info', 'Attempting to get data from User with OPTIONS', '2023-04-17 20:41:02'),
	(9362, 'Building Request', 'Info', 'Attempting to get data from campus with GET', '2023-04-17 21:01:20'),
	(9363, 'Campus Request', 'Info', 'Attempting to get data from campus with GET', '2023-04-17 21:01:21'),
	(9364, 'Connection Request', 'Info', 'Attempting to get data from campus with GET', '2023-04-17 21:01:22'),
	(9365, 'Floor Request', 'Info', 'Attempting to get data from campus with GET', '2023-04-17 21:01:23'),
	(9366, 'Image Request', 'Info', 'Attempting to get data from campus with GET', '2023-04-17 21:01:23'),
	(9367, 'Location Request', 'Info', 'Attempting to get data with GET', '2023-04-17 21:01:24'),
	(9368, 'User Request', 'Info', 'Attempting to get data from User with GET', '2023-04-17 21:01:28'),
	(9369, 'Building Request', 'Info', 'Attempting to get data from campus with GET', '2023-04-17 21:01:29'),
	(9370, 'Location Request', 'Info', 'Attempting to get data with GET', '2023-04-17 21:01:29'),
	(9371, 'Campus Request', 'Info', 'Attempting to get data from campus with GET', '2023-04-17 21:01:29'),
	(9372, 'Room Request', 'Info', 'Attempting to get data from Room with GET', '2023-04-17 21:01:30'),
	(9373, 'Connection Request', 'Info', 'Attempting to get data from campus with GET', '2023-04-17 21:01:30'),
	(9374, 'Image Request', 'Info', 'Attempting to get data from campus with GET', '2023-04-17 21:01:30'),
	(9375, 'Image Request with ID', 'Info', 'Attempting to get data from campus with GET id: 1', '2023-04-17 21:01:30'),
	(9376, 'Image Request', 'Info', 'Attempting to get data from campus with GET', '2023-04-17 21:01:30'),
	(9377, 'Image Request with ID', 'Info', 'Attempting to get data from campus with GET id: 1', '2023-04-17 21:01:30'),
	(9378, 'Image Request', 'Info', 'Attempting to get data from campus with GET', '2023-04-17 21:01:30'),
	(9379, 'Image Request with ID', 'Info', 'Attempting to get data from campus with GET id: 1', '2023-04-17 21:01:30'),
	(9380, 'Image Request', 'Info', 'Attempting to get data from campus with GET', '2023-04-17 21:01:30'),
	(9381, 'Image Request with ID', 'Info', 'Attempting to get data from campus with GET id: 1', '2023-04-17 21:01:30'),
	(9382, 'User Request', 'Info', 'Attempting to get data from User with OPTIONS', '2023-04-17 21:03:01'),
	(9383, 'Building Request', 'Info', 'Attempting to get data from campus with GET', '2023-04-17 21:03:09'),
	(9384, 'Location Request', 'Info', 'Attempting to get data with GET', '2023-04-17 21:03:09'),
	(9385, 'Campus Request', 'Info', 'Attempting to get data from campus with GET', '2023-04-17 21:03:09'),
	(9386, 'Room Request', 'Info', 'Attempting to get data from Room with GET', '2023-04-17 21:03:09'),
	(9387, 'Connection Request', 'Info', 'Attempting to get data from campus with GET', '2023-04-17 21:03:09'),
	(9388, 'Image Request', 'Info', 'Attempting to get data from campus with GET', '2023-04-17 21:03:09'),
	(9389, 'Image Request with ID', 'Info', 'Attempting to get data from campus with GET id: 1', '2023-04-17 21:03:09'),
	(9390, 'Image Request', 'Info', 'Attempting to get data from campus with GET', '2023-04-17 21:03:10'),
	(9391, 'Image Request with ID', 'Info', 'Attempting to get data from campus with GET id: 1', '2023-04-17 21:03:10'),
	(9392, 'Image Request', 'Info', 'Attempting to get data from campus with GET', '2023-04-17 21:03:10'),
	(9393, 'Image Request with ID', 'Info', 'Attempting to get data from campus with GET id: 1', '2023-04-17 21:03:10'),
	(9394, 'Image Request', 'Info', 'Attempting to get data from campus with GET', '2023-04-17 21:03:10'),
	(9395, 'Image Request with ID', 'Info', 'Attempting to get data from campus with GET id: 1', '2023-04-17 21:03:10'),
	(9396, 'Building Request', 'Info', 'Attempting to get data from campus with GET', '2023-04-17 21:10:07'),
	(9397, 'Location Request', 'Info', 'Attempting to get data with GET', '2023-04-17 21:10:07'),
	(9398, 'Campus Request', 'Info', 'Attempting to get data from campus with GET', '2023-04-17 21:10:07'),
	(9399, 'Room Request', 'Info', 'Attempting to get data from Room with GET', '2023-04-17 21:10:08'),
	(9400, 'Connection Request', 'Info', 'Attempting to get data from campus with GET', '2023-04-17 21:10:08'),
	(9401, 'Image Request', 'Info', 'Attempting to get data from campus with GET', '2023-04-17 21:10:08'),
	(9402, 'Image Request with ID', 'Info', 'Attempting to get data from campus with GET id: 1', '2023-04-17 21:10:08'),
	(9403, 'Image Request', 'Info', 'Attempting to get data from campus with GET', '2023-04-17 21:10:08'),
	(9404, 'Image Request with ID', 'Info', 'Attempting to get data from campus with GET id: 1', '2023-04-17 21:10:08'),
	(9405, 'Image Request', 'Info', 'Attempting to get data from campus with GET', '2023-04-17 21:10:08'),
	(9406, 'Image Request with ID', 'Info', 'Attempting to get data from campus with GET id: 1', '2023-04-17 21:10:08'),
	(9407, 'Image Request', 'Info', 'Attempting to get data from campus with GET', '2023-04-17 21:10:08'),
	(9408, 'Image Request with ID', 'Info', 'Attempting to get data from campus with GET id: 1', '2023-04-17 21:10:08'),
	(9409, 'Building Request', 'Info', 'Attempting to get data from campus with GET', '2023-04-17 21:34:46'),
	(9410, 'Building Request', 'Info', 'Attempting to get data from campus with GET', '2023-04-17 21:35:49'),
	(9411, 'Building Request', 'Info', 'Attempting to get data from campus with GET', '2023-04-17 21:37:58'),
	(9412, 'Location Request', 'Info', 'Attempting to get data with GET', '2023-04-17 21:37:58'),
	(9413, 'Campus Request', 'Info', 'Attempting to get data from campus with GET', '2023-04-17 21:37:58'),
	(9414, 'Room Request', 'Info', 'Attempting to get data from Room with GET', '2023-04-17 21:37:58'),
	(9415, 'Connection Request', 'Info', 'Attempting to get data from campus with GET', '2023-04-17 21:37:58'),
	(9416, 'Image Request', 'Info', 'Attempting to get data from campus with GET', '2023-04-17 21:37:58'),
	(9417, 'Image Request with ID', 'Info', 'Attempting to get data from campus with GET id: 1', '2023-04-17 21:37:58'),
	(9418, 'Image Request', 'Info', 'Attempting to get data from campus with GET', '2023-04-17 21:37:59'),
	(9419, 'Image Request with ID', 'Info', 'Attempting to get data from campus with GET id: 1', '2023-04-17 21:37:59'),
	(9420, 'Image Request', 'Info', 'Attempting to get data from campus with GET', '2023-04-17 21:37:59'),
	(9421, 'Image Request with ID', 'Info', 'Attempting to get data from campus with GET id: 1', '2023-04-17 21:37:59'),
	(9422, 'Image Request', 'Info', 'Attempting to get data from campus with GET', '2023-04-17 21:37:59'),
	(9423, 'Image Request with ID', 'Info', 'Attempting to get data from campus with GET id: 1', '2023-04-17 21:37:59'),
	(9424, 'Building Request', 'Info', 'Attempting to get data from campus with GET', '2023-04-17 21:38:00'),
	(9425, 'Location Request', 'Info', 'Attempting to get data with GET', '2023-04-17 21:38:00'),
	(9426, 'Campus Request', 'Info', 'Attempting to get data from campus with GET', '2023-04-17 21:38:00'),
	(9427, 'Room Request', 'Info', 'Attempting to get data from Room with GET', '2023-04-17 21:38:00'),
	(9428, 'Connection Request', 'Info', 'Attempting to get data from campus with GET', '2023-04-17 21:38:00'),
	(9429, 'Image Request', 'Info', 'Attempting to get data from campus with GET', '2023-04-17 21:38:00'),
	(9430, 'Image Request with ID', 'Info', 'Attempting to get data from campus with GET id: 1', '2023-04-17 21:38:00'),
	(9431, 'Image Request', 'Info', 'Attempting to get data from campus with GET', '2023-04-17 21:38:00'),
	(9432, 'Image Request with ID', 'Info', 'Attempting to get data from campus with GET id: 1', '2023-04-17 21:38:00'),
	(9433, 'Image Request', 'Info', 'Attempting to get data from campus with GET', '2023-04-17 21:38:00'),
	(9434, 'Image Request with ID', 'Info', 'Attempting to get data from campus with GET id: 1', '2023-04-17 21:38:00'),
	(9435, 'Image Request', 'Info', 'Attempting to get data from campus with GET', '2023-04-17 21:38:01'),
	(9436, 'Image Request with ID', 'Info', 'Attempting to get data from campus with GET id: 1', '2023-04-17 21:38:01'),
	(9437, 'Building Request', 'Info', 'Attempting to get data from campus with GET', '2023-04-17 21:39:40'),
	(9438, 'Location Request', 'Info', 'Attempting to get data with GET', '2023-04-17 21:39:40'),
	(9439, 'Campus Request', 'Info', 'Attempting to get data from campus with GET', '2023-04-17 21:39:41'),
	(9440, 'Room Request', 'Info', 'Attempting to get data from Room with GET', '2023-04-17 21:39:41'),
	(9441, 'Connection Request', 'Info', 'Attempting to get data from campus with GET', '2023-04-17 21:39:41'),
	(9442, 'Image Request', 'Info', 'Attempting to get data from campus with GET', '2023-04-17 21:39:41'),
	(9443, 'Image Request with ID', 'Info', 'Attempting to get data from campus with GET id: 1', '2023-04-17 21:39:41'),
	(9444, 'Image Request', 'Info', 'Attempting to get data from campus with GET', '2023-04-17 21:39:41'),
	(9445, 'Image Request with ID', 'Info', 'Attempting to get data from campus with GET id: 1', '2023-04-17 21:39:41'),
	(9446, 'Image Request', 'Info', 'Attempting to get data from campus with GET', '2023-04-17 21:39:41'),
	(9447, 'Image Request with ID', 'Info', 'Attempting to get data from campus with GET id: 1', '2023-04-17 21:39:41'),
	(9448, 'Image Request', 'Info', 'Attempting to get data from campus with GET', '2023-04-17 21:39:41'),
	(9449, 'Image Request with ID', 'Info', 'Attempting to get data from campus with GET id: 1', '2023-04-17 21:39:41'),
	(9450, 'Building Request', 'Info', 'Attempting to get data from campus with GET', '2023-04-17 21:39:55'),
	(9451, 'Location Request', 'Info', 'Attempting to get data with GET', '2023-04-17 21:39:55'),
	(9452, 'Campus Request', 'Info', 'Attempting to get data from campus with GET', '2023-04-17 21:39:55'),
	(9453, 'Room Request', 'Info', 'Attempting to get data from Room with GET', '2023-04-17 21:39:55'),
	(9454, 'Connection Request', 'Info', 'Attempting to get data from campus with GET', '2023-04-17 21:39:55'),
	(9455, 'Image Request', 'Info', 'Attempting to get data from campus with GET', '2023-04-17 21:39:56'),
	(9456, 'Image Request with ID', 'Info', 'Attempting to get data from campus with GET id: 1', '2023-04-17 21:39:56'),
	(9457, 'Image Request', 'Info', 'Attempting to get data from campus with GET', '2023-04-17 21:39:56'),
	(9458, 'Image Request with ID', 'Info', 'Attempting to get data from campus with GET id: 1', '2023-04-17 21:39:56'),
	(9459, 'Image Request', 'Info', 'Attempting to get data from campus with GET', '2023-04-17 21:39:56'),
	(9460, 'Image Request with ID', 'Info', 'Attempting to get data from campus with GET id: 1', '2023-04-17 21:39:56'),
	(9461, 'Image Request', 'Info', 'Attempting to get data from campus with GET', '2023-04-17 21:39:56'),
	(9462, 'Image Request with ID', 'Info', 'Attempting to get data from campus with GET id: 1', '2023-04-17 21:39:56'),
	(9463, 'Building Request', 'Info', 'Attempting to get data from campus with GET', '2023-04-17 21:40:03'),
	(9464, 'Location Request', 'Info', 'Attempting to get data with GET', '2023-04-17 21:40:03'),
	(9465, 'Campus Request', 'Info', 'Attempting to get data from campus with GET', '2023-04-17 21:40:03'),
	(9466, 'Room Request', 'Info', 'Attempting to get data from Room with GET', '2023-04-17 21:40:04'),
	(9467, 'Connection Request', 'Info', 'Attempting to get data from campus with GET', '2023-04-17 21:40:04'),
	(9468, 'Image Request', 'Info', 'Attempting to get data from campus with GET', '2023-04-17 21:40:04'),
	(9469, 'Image Request with ID', 'Info', 'Attempting to get data from campus with GET id: 1', '2023-04-17 21:40:04'),
	(9470, 'Image Request', 'Info', 'Attempting to get data from campus with GET', '2023-04-17 21:40:04'),
	(9471, 'Image Request with ID', 'Info', 'Attempting to get data from campus with GET id: 1', '2023-04-17 21:40:04'),
	(9472, 'Image Request', 'Info', 'Attempting to get data from campus with GET', '2023-04-17 21:40:04'),
	(9473, 'Image Request with ID', 'Info', 'Attempting to get data from campus with GET id: 1', '2023-04-17 21:40:04'),
	(9474, 'Image Request', 'Info', 'Attempting to get data from campus with GET', '2023-04-17 21:40:04'),
	(9475, 'Image Request with ID', 'Info', 'Attempting to get data from campus with GET id: 1', '2023-04-17 21:40:04'),
	(9476, 'Building Request', 'Info', 'Attempting to get data from campus with GET', '2023-04-17 21:42:12'),
	(9477, 'Location Request', 'Info', 'Attempting to get data with GET', '2023-04-17 21:42:12'),
	(9478, 'Campus Request', 'Info', 'Attempting to get data from campus with GET', '2023-04-17 21:42:12'),
	(9479, 'Room Request', 'Info', 'Attempting to get data from Room with GET', '2023-04-17 21:42:12'),
	(9480, 'Connection Request', 'Info', 'Attempting to get data from campus with GET', '2023-04-17 21:42:12'),
	(9481, 'Image Request', 'Info', 'Attempting to get data from campus with GET', '2023-04-17 21:42:12'),
	(9482, 'Image Request with ID', 'Info', 'Attempting to get data from campus with GET id: 1', '2023-04-17 21:42:12'),
	(9483, 'Image Request', 'Info', 'Attempting to get data from campus with GET', '2023-04-17 21:42:12'),
	(9484, 'Image Request with ID', 'Info', 'Attempting to get data from campus with GET id: 1', '2023-04-17 21:42:12'),
	(9485, 'Image Request', 'Info', 'Attempting to get data from campus with GET', '2023-04-17 21:42:13'),
	(9486, 'Image Request with ID', 'Info', 'Attempting to get data from campus with GET id: 1', '2023-04-17 21:42:13'),
	(9487, 'Image Request', 'Info', 'Attempting to get data from campus with GET', '2023-04-17 21:42:13'),
	(9488, 'Image Request with ID', 'Info', 'Attempting to get data from campus with GET id: 1', '2023-04-17 21:42:13'),
	(9489, 'Building Request', 'Info', 'Attempting to get data from campus with GET', '2023-04-17 21:42:15'),
	(9490, 'Location Request', 'Info', 'Attempting to get data with GET', '2023-04-17 21:42:16'),
	(9491, 'Campus Request', 'Info', 'Attempting to get data from campus with GET', '2023-04-17 21:42:16'),
	(9492, 'Room Request', 'Info', 'Attempting to get data from Room with GET', '2023-04-17 21:42:16'),
	(9493, 'Connection Request', 'Info', 'Attempting to get data from campus with GET', '2023-04-17 21:42:16'),
	(9494, 'Image Request', 'Info', 'Attempting to get data from campus with GET', '2023-04-17 21:42:16'),
	(9495, 'Image Request with ID', 'Info', 'Attempting to get data from campus with GET id: 1', '2023-04-17 21:42:16'),
	(9496, 'Image Request', 'Info', 'Attempting to get data from campus with GET', '2023-04-17 21:42:16'),
	(9497, 'Image Request with ID', 'Info', 'Attempting to get data from campus with GET id: 1', '2023-04-17 21:42:16'),
	(9498, 'Image Request', 'Info', 'Attempting to get data from campus with GET', '2023-04-17 21:42:16'),
	(9499, 'Image Request with ID', 'Info', 'Attempting to get data from campus with GET id: 1', '2023-04-17 21:42:16'),
	(9500, 'Image Request', 'Info', 'Attempting to get data from campus with GET', '2023-04-17 21:42:16'),
	(9501, 'Image Request with ID', 'Info', 'Attempting to get data from campus with GET id: 1', '2023-04-17 21:42:16'),
	(9502, 'Building Request', 'Info', 'Attempting to get data from campus with GET', '2023-04-17 21:44:50'),
	(9503, 'Location Request', 'Info', 'Attempting to get data with GET', '2023-04-17 21:44:50'),
	(9504, 'Campus Request', 'Info', 'Attempting to get data from campus with GET', '2023-04-17 21:44:50'),
	(9505, 'Room Request', 'Info', 'Attempting to get data from Room with GET', '2023-04-17 21:44:51'),
	(9506, 'Connection Request', 'Info', 'Attempting to get data from campus with GET', '2023-04-17 21:44:51'),
	(9507, 'Image Request', 'Info', 'Attempting to get data from campus with GET', '2023-04-17 21:44:51'),
	(9508, 'Image Request with ID', 'Info', 'Attempting to get data from campus with GET id: 1', '2023-04-17 21:44:51'),
	(9509, 'Image Request', 'Info', 'Attempting to get data from campus with GET', '2023-04-17 21:44:51'),
	(9510, 'Image Request with ID', 'Info', 'Attempting to get data from campus with GET id: 1', '2023-04-17 21:44:51'),
	(9511, 'Image Request', 'Info', 'Attempting to get data from campus with GET', '2023-04-17 21:44:51'),
	(9512, 'Image Request with ID', 'Info', 'Attempting to get data from campus with GET id: 1', '2023-04-17 21:44:51'),
	(9513, 'Image Request', 'Info', 'Attempting to get data from campus with GET', '2023-04-17 21:44:51'),
	(9514, 'Image Request with ID', 'Info', 'Attempting to get data from campus with GET id: 1', '2023-04-17 21:44:51'),
	(9515, 'Building Request', 'Info', 'Attempting to get data from campus with GET', '2023-04-17 21:47:29'),
	(9516, 'Location Request', 'Info', 'Attempting to get data with GET', '2023-04-17 21:47:29'),
	(9517, 'Campus Request', 'Info', 'Attempting to get data from campus with GET', '2023-04-17 21:47:29'),
	(9518, 'Room Request', 'Info', 'Attempting to get data from Room with GET', '2023-04-17 21:47:29'),
	(9519, 'Connection Request', 'Info', 'Attempting to get data from campus with GET', '2023-04-17 21:47:29'),
	(9520, 'Image Request', 'Info', 'Attempting to get data from campus with GET', '2023-04-17 21:47:30'),
	(9521, 'Image Request with ID', 'Info', 'Attempting to get data from campus with GET id: 1', '2023-04-17 21:47:30'),
	(9522, 'Image Request', 'Info', 'Attempting to get data from campus with GET', '2023-04-17 21:47:30'),
	(9523, 'Image Request with ID', 'Info', 'Attempting to get data from campus with GET id: 1', '2023-04-17 21:47:30'),
	(9524, 'Image Request', 'Info', 'Attempting to get data from campus with GET', '2023-04-17 21:47:30'),
	(9525, 'Image Request with ID', 'Info', 'Attempting to get data from campus with GET id: 1', '2023-04-17 21:47:30'),
	(9526, 'Image Request', 'Info', 'Attempting to get data from campus with GET', '2023-04-17 21:47:30'),
	(9527, 'Image Request with ID', 'Info', 'Attempting to get data from campus with GET id: 1', '2023-04-17 21:47:30'),
	(9528, 'Building Request', 'Info', 'Attempting to get data from campus with GET', '2023-04-17 21:47:38'),
	(9529, 'Location Request', 'Info', 'Attempting to get data with GET', '2023-04-17 21:47:38'),
	(9530, 'Campus Request', 'Info', 'Attempting to get data from campus with GET', '2023-04-17 21:47:38'),
	(9531, 'Room Request', 'Info', 'Attempting to get data from Room with GET', '2023-04-17 21:47:38'),
	(9532, 'Connection Request', 'Info', 'Attempting to get data from campus with GET', '2023-04-17 21:47:39'),
	(9533, 'Image Request', 'Info', 'Attempting to get data from campus with GET', '2023-04-17 21:47:39'),
	(9534, 'Image Request with ID', 'Info', 'Attempting to get data from campus with GET id: 1', '2023-04-17 21:47:39'),
	(9535, 'Image Request', 'Info', 'Attempting to get data from campus with GET', '2023-04-17 21:47:39'),
	(9536, 'Image Request with ID', 'Info', 'Attempting to get data from campus with GET id: 1', '2023-04-17 21:47:39'),
	(9537, 'Image Request', 'Info', 'Attempting to get data from campus with GET', '2023-04-17 21:47:39'),
	(9538, 'Image Request with ID', 'Info', 'Attempting to get data from campus with GET id: 1', '2023-04-17 21:47:39'),
	(9539, 'Image Request', 'Info', 'Attempting to get data from campus with GET', '2023-04-17 21:47:39'),
	(9540, 'Image Request with ID', 'Info', 'Attempting to get data from campus with GET id: 1', '2023-04-17 21:47:39'),
	(9541, 'Building Request', 'Info', 'Attempting to get data from campus with GET', '2023-04-17 21:47:55'),
	(9542, 'Location Request', 'Info', 'Attempting to get data with GET', '2023-04-17 21:47:55'),
	(9543, 'Campus Request', 'Info', 'Attempting to get data from campus with GET', '2023-04-17 21:47:55'),
	(9544, 'Room Request', 'Info', 'Attempting to get data from Room with GET', '2023-04-17 21:47:56'),
	(9545, 'Connection Request', 'Info', 'Attempting to get data from campus with GET', '2023-04-17 21:47:56'),
	(9546, 'Image Request', 'Info', 'Attempting to get data from campus with GET', '2023-04-17 21:47:56'),
	(9547, 'Image Request with ID', 'Info', 'Attempting to get data from campus with GET id: 1', '2023-04-17 21:47:56'),
	(9548, 'Image Request', 'Info', 'Attempting to get data from campus with GET', '2023-04-17 21:47:56'),
	(9549, 'Image Request with ID', 'Info', 'Attempting to get data from campus with GET id: 1', '2023-04-17 21:47:56'),
	(9550, 'Image Request', 'Info', 'Attempting to get data from campus with GET', '2023-04-17 21:47:56'),
	(9551, 'Image Request with ID', 'Info', 'Attempting to get data from campus with GET id: 1', '2023-04-17 21:47:56'),
	(9552, 'Image Request', 'Info', 'Attempting to get data from campus with GET', '2023-04-17 21:47:56'),
	(9553, 'Image Request with ID', 'Info', 'Attempting to get data from campus with GET id: 1', '2023-04-17 21:47:56'),
	(9554, 'Building Request', 'Info', 'Attempting to get data from campus with GET', '2023-04-17 21:48:28'),
	(9555, 'Location Request', 'Info', 'Attempting to get data with GET', '2023-04-17 21:48:28'),
	(9556, 'Campus Request', 'Info', 'Attempting to get data from campus with GET', '2023-04-17 21:48:29'),
	(9557, 'Room Request', 'Info', 'Attempting to get data from Room with GET', '2023-04-17 21:48:29'),
	(9558, 'Connection Request', 'Info', 'Attempting to get data from campus with GET', '2023-04-17 21:48:29'),
	(9559, 'Image Request', 'Info', 'Attempting to get data from campus with GET', '2023-04-17 21:48:29'),
	(9560, 'Image Request with ID', 'Info', 'Attempting to get data from campus with GET id: 1', '2023-04-17 21:48:29'),
	(9561, 'Image Request', 'Info', 'Attempting to get data from campus with GET', '2023-04-17 21:48:29'),
	(9562, 'Image Request with ID', 'Info', 'Attempting to get data from campus with GET id: 1', '2023-04-17 21:48:29'),
	(9563, 'Image Request', 'Info', 'Attempting to get data from campus with GET', '2023-04-17 21:48:29'),
	(9564, 'Image Request with ID', 'Info', 'Attempting to get data from campus with GET id: 1', '2023-04-17 21:48:29'),
	(9565, 'Image Request', 'Info', 'Attempting to get data from campus with GET', '2023-04-17 21:48:29'),
	(9566, 'Image Request with ID', 'Info', 'Attempting to get data from campus with GET id: 1', '2023-04-17 21:48:29'),
	(9567, 'Building Request', 'Info', 'Attempting to get data from campus with GET', '2023-04-17 21:50:44'),
	(9568, 'Location Request', 'Info', 'Attempting to get data with GET', '2023-04-17 21:50:44'),
	(9569, 'Campus Request', 'Info', 'Attempting to get data from campus with GET', '2023-04-17 21:50:44'),
	(9570, 'Room Request', 'Info', 'Attempting to get data from Room with GET', '2023-04-17 21:50:44'),
	(9571, 'Connection Request', 'Info', 'Attempting to get data from campus with GET', '2023-04-17 21:50:44'),
	(9572, 'Image Request', 'Info', 'Attempting to get data from campus with GET', '2023-04-17 21:50:44'),
	(9573, 'Image Request with ID', 'Info', 'Attempting to get data from campus with GET id: 1', '2023-04-17 21:50:44'),
	(9574, 'Image Request', 'Info', 'Attempting to get data from campus with GET', '2023-04-17 21:50:44'),
	(9575, 'Image Request with ID', 'Info', 'Attempting to get data from campus with GET id: 1', '2023-04-17 21:50:44'),
	(9576, 'Image Request', 'Info', 'Attempting to get data from campus with GET', '2023-04-17 21:50:45'),
	(9577, 'Image Request with ID', 'Info', 'Attempting to get data from campus with GET id: 1', '2023-04-17 21:50:45'),
	(9578, 'Image Request', 'Info', 'Attempting to get data from campus with GET', '2023-04-17 21:50:45'),
	(9579, 'Image Request with ID', 'Info', 'Attempting to get data from campus with GET id: 1', '2023-04-17 21:50:45'),
	(9580, 'Building Request', 'Info', 'Attempting to get data from campus with GET', '2023-04-17 21:50:50'),
	(9581, 'Location Request', 'Info', 'Attempting to get data with GET', '2023-04-17 21:50:50'),
	(9582, 'Campus Request', 'Info', 'Attempting to get data from campus with GET', '2023-04-17 21:50:50'),
	(9583, 'Room Request', 'Info', 'Attempting to get data from Room with GET', '2023-04-17 21:50:51'),
	(9584, 'Connection Request', 'Info', 'Attempting to get data from campus with GET', '2023-04-17 21:50:51'),
	(9585, 'Image Request', 'Info', 'Attempting to get data from campus with GET', '2023-04-17 21:50:51'),
	(9586, 'Image Request with ID', 'Info', 'Attempting to get data from campus with GET id: 1', '2023-04-17 21:50:51'),
	(9587, 'Image Request', 'Info', 'Attempting to get data from campus with GET', '2023-04-17 21:50:51'),
	(9588, 'Image Request with ID', 'Info', 'Attempting to get data from campus with GET id: 1', '2023-04-17 21:50:51'),
	(9589, 'Image Request', 'Info', 'Attempting to get data from campus with GET', '2023-04-17 21:50:51'),
	(9590, 'Image Request with ID', 'Info', 'Attempting to get data from campus with GET id: 1', '2023-04-17 21:50:51'),
	(9591, 'Image Request', 'Info', 'Attempting to get data from campus with GET', '2023-04-17 21:50:51'),
	(9592, 'Image Request with ID', 'Info', 'Attempting to get data from campus with GET id: 1', '2023-04-17 21:50:51'),
	(9593, 'Building Request', 'Info', 'Attempting to get data from campus with GET', '2023-04-17 21:51:01'),
	(9594, 'Location Request', 'Info', 'Attempting to get data with GET', '2023-04-17 21:51:01'),
	(9595, 'Campus Request', 'Info', 'Attempting to get data from campus with GET', '2023-04-17 21:51:01'),
	(9596, 'Room Request', 'Info', 'Attempting to get data from Room with GET', '2023-04-17 21:51:01'),
	(9597, 'Connection Request', 'Info', 'Attempting to get data from campus with GET', '2023-04-17 21:51:01'),
	(9598, 'Image Request', 'Info', 'Attempting to get data from campus with GET', '2023-04-17 21:51:01'),
	(9599, 'Image Request with ID', 'Info', 'Attempting to get data from campus with GET id: 1', '2023-04-17 21:51:01'),
	(9600, 'Image Request', 'Info', 'Attempting to get data from campus with GET', '2023-04-17 21:51:01'),
	(9601, 'Image Request with ID', 'Info', 'Attempting to get data from campus with GET id: 1', '2023-04-17 21:51:01'),
	(9602, 'Image Request', 'Info', 'Attempting to get data from campus with GET', '2023-04-17 21:51:02'),
	(9603, 'Image Request with ID', 'Info', 'Attempting to get data from campus with GET id: 1', '2023-04-17 21:51:02'),
	(9604, 'Image Request', 'Info', 'Attempting to get data from campus with GET', '2023-04-17 21:51:02'),
	(9605, 'Image Request with ID', 'Info', 'Attempting to get data from campus with GET id: 1', '2023-04-17 21:51:02'),
	(9606, 'Building Request', 'Info', 'Attempting to get data from campus with GET', '2023-04-17 21:51:04'),
	(9607, 'Location Request', 'Info', 'Attempting to get data with GET', '2023-04-17 21:51:04'),
	(9608, 'Campus Request', 'Info', 'Attempting to get data from campus with GET', '2023-04-17 21:51:05'),
	(9609, 'Room Request', 'Info', 'Attempting to get data from Room with GET', '2023-04-17 21:51:05'),
	(9610, 'Connection Request', 'Info', 'Attempting to get data from campus with GET', '2023-04-17 21:51:05'),
	(9611, 'Image Request', 'Info', 'Attempting to get data from campus with GET', '2023-04-17 21:51:05'),
	(9612, 'Image Request with ID', 'Info', 'Attempting to get data from campus with GET id: 1', '2023-04-17 21:51:05'),
	(9613, 'Image Request', 'Info', 'Attempting to get data from campus with GET', '2023-04-17 21:51:05'),
	(9614, 'Image Request with ID', 'Info', 'Attempting to get data from campus with GET id: 1', '2023-04-17 21:51:05'),
	(9615, 'Image Request', 'Info', 'Attempting to get data from campus with GET', '2023-04-17 21:51:05'),
	(9616, 'Image Request with ID', 'Info', 'Attempting to get data from campus with GET id: 1', '2023-04-17 21:51:05'),
	(9617, 'Image Request', 'Info', 'Attempting to get data from campus with GET', '2023-04-17 21:51:05'),
	(9618, 'Image Request with ID', 'Info', 'Attempting to get data from campus with GET id: 1', '2023-04-17 21:51:05'),
	(9619, 'Building Request', 'Info', 'Attempting to get data from campus with GET', '2023-04-17 21:51:37'),
	(9620, 'Location Request', 'Info', 'Attempting to get data with GET', '2023-04-17 21:51:37'),
	(9621, 'Campus Request', 'Info', 'Attempting to get data from campus with GET', '2023-04-17 21:51:37'),
	(9622, 'Room Request', 'Info', 'Attempting to get data from Room with GET', '2023-04-17 21:51:37'),
	(9623, 'Connection Request', 'Info', 'Attempting to get data from campus with GET', '2023-04-17 21:51:37'),
	(9624, 'Image Request', 'Info', 'Attempting to get data from campus with GET', '2023-04-17 21:51:37'),
	(9625, 'Image Request with ID', 'Info', 'Attempting to get data from campus with GET id: 1', '2023-04-17 21:51:37'),
	(9626, 'Image Request', 'Info', 'Attempting to get data from campus with GET', '2023-04-17 21:51:38'),
	(9627, 'Image Request with ID', 'Info', 'Attempting to get data from campus with GET id: 1', '2023-04-17 21:51:38'),
	(9628, 'Image Request', 'Info', 'Attempting to get data from campus with GET', '2023-04-17 21:51:38'),
	(9629, 'Image Request with ID', 'Info', 'Attempting to get data from campus with GET id: 1', '2023-04-17 21:51:38'),
	(9630, 'Image Request', 'Info', 'Attempting to get data from campus with GET', '2023-04-17 21:51:38'),
	(9631, 'Image Request with ID', 'Info', 'Attempting to get data from campus with GET id: 1', '2023-04-17 21:51:38'),
	(9632, 'Building Request', 'Info', 'Attempting to get data from campus with GET', '2023-04-17 21:51:55'),
	(9633, 'Location Request', 'Info', 'Attempting to get data with GET', '2023-04-17 21:51:55'),
	(9634, 'Campus Request', 'Info', 'Attempting to get data from campus with GET', '2023-04-17 21:51:55'),
	(9635, 'Room Request', 'Info', 'Attempting to get data from Room with GET', '2023-04-17 21:51:56'),
	(9636, 'Connection Request', 'Info', 'Attempting to get data from campus with GET', '2023-04-17 21:51:56'),
	(9637, 'Image Request', 'Info', 'Attempting to get data from campus with GET', '2023-04-17 21:51:56'),
	(9638, 'Image Request with ID', 'Info', 'Attempting to get data from campus with GET id: 1', '2023-04-17 21:51:56'),
	(9639, 'Image Request', 'Info', 'Attempting to get data from campus with GET', '2023-04-17 21:51:56'),
	(9640, 'Image Request with ID', 'Info', 'Attempting to get data from campus with GET id: 1', '2023-04-17 21:51:56'),
	(9641, 'Image Request', 'Info', 'Attempting to get data from campus with GET', '2023-04-17 21:51:56'),
	(9642, 'Image Request with ID', 'Info', 'Attempting to get data from campus with GET id: 1', '2023-04-17 21:51:56'),
	(9643, 'Image Request', 'Info', 'Attempting to get data from campus with GET', '2023-04-17 21:51:56'),
	(9644, 'Image Request with ID', 'Info', 'Attempting to get data from campus with GET id: 1', '2023-04-17 21:51:56'),
	(9645, 'Building Request', 'Info', 'Attempting to get data from campus with GET', '2023-04-17 21:54:24'),
	(9646, 'Location Request', 'Info', 'Attempting to get data with GET', '2023-04-17 21:54:24'),
	(9647, 'Campus Request', 'Info', 'Attempting to get data from campus with GET', '2023-04-17 21:54:24'),
	(9648, 'Room Request', 'Info', 'Attempting to get data from Room with GET', '2023-04-17 21:54:24'),
	(9649, 'Connection Request', 'Info', 'Attempting to get data from campus with GET', '2023-04-17 21:54:24'),
	(9650, 'Image Request', 'Info', 'Attempting to get data from campus with GET', '2023-04-17 21:54:24'),
	(9651, 'Image Request with ID', 'Info', 'Attempting to get data from campus with GET id: 1', '2023-04-17 21:54:24'),
	(9652, 'Image Request', 'Info', 'Attempting to get data from campus with GET', '2023-04-17 21:54:24'),
	(9653, 'Image Request with ID', 'Info', 'Attempting to get data from campus with GET id: 1', '2023-04-17 21:54:24'),
	(9654, 'Image Request', 'Info', 'Attempting to get data from campus with GET', '2023-04-17 21:54:24'),
	(9655, 'Image Request with ID', 'Info', 'Attempting to get data from campus with GET id: 1', '2023-04-17 21:54:24'),
	(9656, 'Image Request', 'Info', 'Attempting to get data from campus with GET', '2023-04-17 21:54:25'),
	(9657, 'Image Request with ID', 'Info', 'Attempting to get data from campus with GET id: 1', '2023-04-17 21:54:25'),
	(9658, 'Building Request', 'Info', 'Attempting to get data from campus with GET', '2023-04-17 21:59:32'),
	(9659, 'Location Request', 'Info', 'Attempting to get data with GET', '2023-04-17 21:59:32'),
	(9660, 'Campus Request', 'Info', 'Attempting to get data from campus with GET', '2023-04-17 21:59:32'),
	(9661, 'Room Request', 'Info', 'Attempting to get data from Room with GET', '2023-04-17 21:59:32'),
	(9662, 'Connection Request', 'Info', 'Attempting to get data from campus with GET', '2023-04-17 21:59:33'),
	(9663, 'Image Request', 'Info', 'Attempting to get data from campus with GET', '2023-04-17 21:59:33'),
	(9664, 'Image Request with ID', 'Info', 'Attempting to get data from campus with GET id: 1', '2023-04-17 21:59:33'),
	(9665, 'Image Request', 'Info', 'Attempting to get data from campus with GET', '2023-04-17 21:59:33'),
	(9666, 'Image Request with ID', 'Info', 'Attempting to get data from campus with GET id: 1', '2023-04-17 21:59:33'),
	(9667, 'Image Request', 'Info', 'Attempting to get data from campus with GET', '2023-04-17 21:59:33'),
	(9668, 'Image Request with ID', 'Info', 'Attempting to get data from campus with GET id: 1', '2023-04-17 21:59:33'),
	(9669, 'Image Request', 'Info', 'Attempting to get data from campus with GET', '2023-04-17 21:59:33'),
	(9670, 'Image Request with ID', 'Info', 'Attempting to get data from campus with GET id: 1', '2023-04-17 21:59:33'),
	(9671, 'Building Request', 'Info', 'Attempting to get data from campus with GET', '2023-04-17 21:59:44'),
	(9672, 'Location Request', 'Info', 'Attempting to get data with GET', '2023-04-17 21:59:44'),
	(9673, 'Campus Request', 'Info', 'Attempting to get data from campus with GET', '2023-04-17 21:59:44'),
	(9674, 'Room Request', 'Info', 'Attempting to get data from Room with GET', '2023-04-17 21:59:45'),
	(9675, 'Connection Request', 'Info', 'Attempting to get data from campus with GET', '2023-04-17 21:59:45'),
	(9676, 'Image Request', 'Info', 'Attempting to get data from campus with GET', '2023-04-17 21:59:45'),
	(9677, 'Image Request with ID', 'Info', 'Attempting to get data from campus with GET id: 1', '2023-04-17 21:59:45'),
	(9678, 'Image Request', 'Info', 'Attempting to get data from campus with GET', '2023-04-17 21:59:45'),
	(9679, 'Image Request with ID', 'Info', 'Attempting to get data from campus with GET id: 1', '2023-04-17 21:59:45'),
	(9680, 'Image Request', 'Info', 'Attempting to get data from campus with GET', '2023-04-17 21:59:45'),
	(9681, 'Image Request with ID', 'Info', 'Attempting to get data from campus with GET id: 1', '2023-04-17 21:59:45'),
	(9682, 'Image Request', 'Info', 'Attempting to get data from campus with GET', '2023-04-17 21:59:45'),
	(9683, 'Image Request with ID', 'Info', 'Attempting to get data from campus with GET id: 1', '2023-04-17 21:59:45'),
	(9684, 'Building Request', 'Info', 'Attempting to get data from campus with GET', '2023-04-17 22:00:57'),
	(9685, 'Location Request', 'Info', 'Attempting to get data with GET', '2023-04-17 22:00:57'),
	(9686, 'Campus Request', 'Info', 'Attempting to get data from campus with GET', '2023-04-17 22:00:57'),
	(9687, 'Room Request', 'Info', 'Attempting to get data from Room with GET', '2023-04-17 22:00:57'),
	(9688, 'Connection Request', 'Info', 'Attempting to get data from campus with GET', '2023-04-17 22:00:57'),
	(9689, 'Image Request', 'Info', 'Attempting to get data from campus with GET', '2023-04-17 22:00:57'),
	(9690, 'Image Request with ID', 'Info', 'Attempting to get data from campus with GET id: 1', '2023-04-17 22:00:57'),
	(9691, 'Image Request', 'Info', 'Attempting to get data from campus with GET', '2023-04-17 22:00:57'),
	(9692, 'Image Request with ID', 'Info', 'Attempting to get data from campus with GET id: 1', '2023-04-17 22:00:57'),
	(9693, 'Image Request', 'Info', 'Attempting to get data from campus with GET', '2023-04-17 22:00:58'),
	(9694, 'Image Request with ID', 'Info', 'Attempting to get data from campus with GET id: 1', '2023-04-17 22:00:58'),
	(9695, 'Image Request', 'Info', 'Attempting to get data from campus with GET', '2023-04-17 22:00:58'),
	(9696, 'Image Request with ID', 'Info', 'Attempting to get data from campus with GET id: 1', '2023-04-17 22:00:58'),
	(9697, 'Building Request', 'Info', 'Attempting to get data from campus with GET', '2023-04-17 22:01:26'),
	(9698, 'Location Request', 'Info', 'Attempting to get data with GET', '2023-04-17 22:01:26'),
	(9699, 'Campus Request', 'Info', 'Attempting to get data from campus with GET', '2023-04-17 22:01:26'),
	(9700, 'Room Request', 'Info', 'Attempting to get data from Room with GET', '2023-04-17 22:01:26'),
	(9701, 'Connection Request', 'Info', 'Attempting to get data from campus with GET', '2023-04-17 22:01:26'),
	(9702, 'Image Request', 'Info', 'Attempting to get data from campus with GET', '2023-04-17 22:01:26'),
	(9703, 'Image Request with ID', 'Info', 'Attempting to get data from campus with GET id: 1', '2023-04-17 22:01:26'),
	(9704, 'Image Request', 'Info', 'Attempting to get data from campus with GET', '2023-04-17 22:01:27'),
	(9705, 'Image Request with ID', 'Info', 'Attempting to get data from campus with GET id: 1', '2023-04-17 22:01:27'),
	(9706, 'Image Request', 'Info', 'Attempting to get data from campus with GET', '2023-04-17 22:01:27'),
	(9707, 'Image Request with ID', 'Info', 'Attempting to get data from campus with GET id: 1', '2023-04-17 22:01:27'),
	(9708, 'Image Request', 'Info', 'Attempting to get data from campus with GET', '2023-04-17 22:01:27'),
	(9709, 'Image Request with ID', 'Info', 'Attempting to get data from campus with GET id: 1', '2023-04-17 22:01:27'),
	(9710, 'Building Request', 'Info', 'Attempting to get data from campus with GET', '2023-04-17 22:01:38'),
	(9711, 'Location Request', 'Info', 'Attempting to get data with GET', '2023-04-17 22:01:38'),
	(9712, 'Campus Request', 'Info', 'Attempting to get data from campus with GET', '2023-04-17 22:01:38'),
	(9713, 'Room Request', 'Info', 'Attempting to get data from Room with GET', '2023-04-17 22:01:38'),
	(9714, 'Connection Request', 'Info', 'Attempting to get data from campus with GET', '2023-04-17 22:01:38'),
	(9715, 'Image Request', 'Info', 'Attempting to get data from campus with GET', '2023-04-17 22:01:39'),
	(9716, 'Image Request with ID', 'Info', 'Attempting to get data from campus with GET id: 1', '2023-04-17 22:01:39'),
	(9717, 'Image Request', 'Info', 'Attempting to get data from campus with GET', '2023-04-17 22:01:39'),
	(9718, 'Image Request with ID', 'Info', 'Attempting to get data from campus with GET id: 1', '2023-04-17 22:01:39'),
	(9719, 'Image Request', 'Info', 'Attempting to get data from campus with GET', '2023-04-17 22:01:39'),
	(9720, 'Image Request with ID', 'Info', 'Attempting to get data from campus with GET id: 1', '2023-04-17 22:01:39'),
	(9721, 'Image Request', 'Info', 'Attempting to get data from campus with GET', '2023-04-17 22:01:39'),
	(9722, 'Image Request with ID', 'Info', 'Attempting to get data from campus with GET id: 1', '2023-04-17 22:01:39'),
	(9723, 'Building Request', 'Info', 'Attempting to get data from campus with GET', '2023-04-17 22:01:50'),
	(9724, 'Location Request', 'Info', 'Attempting to get data with GET', '2023-04-17 22:01:51'),
	(9725, 'Campus Request', 'Info', 'Attempting to get data from campus with GET', '2023-04-17 22:01:51'),
	(9726, 'Room Request', 'Info', 'Attempting to get data from Room with GET', '2023-04-17 22:01:51'),
	(9727, 'Connection Request', 'Info', 'Attempting to get data from campus with GET', '2023-04-17 22:01:51'),
	(9728, 'Image Request', 'Info', 'Attempting to get data from campus with GET', '2023-04-17 22:01:51'),
	(9729, 'Image Request with ID', 'Info', 'Attempting to get data from campus with GET id: 1', '2023-04-17 22:01:51'),
	(9730, 'Image Request', 'Info', 'Attempting to get data from campus with GET', '2023-04-17 22:01:51'),
	(9731, 'Image Request with ID', 'Info', 'Attempting to get data from campus with GET id: 1', '2023-04-17 22:01:51'),
	(9732, 'Image Request', 'Info', 'Attempting to get data from campus with GET', '2023-04-17 22:01:51'),
	(9733, 'Image Request with ID', 'Info', 'Attempting to get data from campus with GET id: 1', '2023-04-17 22:01:51'),
	(9734, 'Image Request', 'Info', 'Attempting to get data from campus with GET', '2023-04-17 22:01:51'),
	(9735, 'Image Request with ID', 'Info', 'Attempting to get data from campus with GET id: 1', '2023-04-17 22:01:51'),
	(9736, 'Building Request', 'Info', 'Attempting to get data from campus with GET', '2023-04-17 22:02:54'),
	(9737, 'Location Request', 'Info', 'Attempting to get data with GET', '2023-04-17 22:02:54'),
	(9738, 'Campus Request', 'Info', 'Attempting to get data from campus with GET', '2023-04-17 22:02:54'),
	(9739, 'Room Request', 'Info', 'Attempting to get data from Room with GET', '2023-04-17 22:02:54'),
	(9740, 'Connection Request', 'Info', 'Attempting to get data from campus with GET', '2023-04-17 22:02:55'),
	(9741, 'Image Request', 'Info', 'Attempting to get data from campus with GET', '2023-04-17 22:02:55'),
	(9742, 'Image Request with ID', 'Info', 'Attempting to get data from campus with GET id: 1', '2023-04-17 22:02:55'),
	(9743, 'Image Request', 'Info', 'Attempting to get data from campus with GET', '2023-04-17 22:02:55'),
	(9744, 'Image Request with ID', 'Info', 'Attempting to get data from campus with GET id: 1', '2023-04-17 22:02:55'),
	(9745, 'Image Request', 'Info', 'Attempting to get data from campus with GET', '2023-04-17 22:02:55'),
	(9746, 'Image Request with ID', 'Info', 'Attempting to get data from campus with GET id: 1', '2023-04-17 22:02:55'),
	(9747, 'Image Request', 'Info', 'Attempting to get data from campus with GET', '2023-04-17 22:02:55'),
	(9748, 'Image Request with ID', 'Info', 'Attempting to get data from campus with GET id: 1', '2023-04-17 22:02:55'),
	(9749, 'Building Request', 'Info', 'Attempting to get data from campus with GET', '2023-04-17 22:03:23'),
	(9750, 'Location Request', 'Info', 'Attempting to get data with GET', '2023-04-17 22:03:23'),
	(9751, 'Campus Request', 'Info', 'Attempting to get data from campus with GET', '2023-04-17 22:03:23'),
	(9752, 'Room Request', 'Info', 'Attempting to get data from Room with GET', '2023-04-17 22:03:23'),
	(9753, 'Connection Request', 'Info', 'Attempting to get data from campus with GET', '2023-04-17 22:03:24'),
	(9754, 'Image Request', 'Info', 'Attempting to get data from campus with GET', '2023-04-17 22:03:24'),
	(9755, 'Image Request with ID', 'Info', 'Attempting to get data from campus with GET id: 1', '2023-04-17 22:03:24'),
	(9756, 'Image Request', 'Info', 'Attempting to get data from campus with GET', '2023-04-17 22:03:24'),
	(9757, 'Image Request with ID', 'Info', 'Attempting to get data from campus with GET id: 1', '2023-04-17 22:03:24'),
	(9758, 'Image Request', 'Info', 'Attempting to get data from campus with GET', '2023-04-17 22:03:24'),
	(9759, 'Image Request with ID', 'Info', 'Attempting to get data from campus with GET id: 1', '2023-04-17 22:03:24'),
	(9760, 'Image Request', 'Info', 'Attempting to get data from campus with GET', '2023-04-17 22:03:24'),
	(9761, 'Image Request with ID', 'Info', 'Attempting to get data from campus with GET id: 1', '2023-04-17 22:03:24'),
	(9762, 'Building Request', 'Info', 'Attempting to get data from campus with GET', '2023-04-17 22:03:40'),
	(9763, 'Location Request', 'Info', 'Attempting to get data with GET', '2023-04-17 22:03:40'),
	(9764, 'Campus Request', 'Info', 'Attempting to get data from campus with GET', '2023-04-17 22:03:40'),
	(9765, 'Room Request', 'Info', 'Attempting to get data from Room with GET', '2023-04-17 22:03:40'),
	(9766, 'Connection Request', 'Info', 'Attempting to get data from campus with GET', '2023-04-17 22:03:40'),
	(9767, 'Image Request', 'Info', 'Attempting to get data from campus with GET', '2023-04-17 22:03:40'),
	(9768, 'Image Request with ID', 'Info', 'Attempting to get data from campus with GET id: 1', '2023-04-17 22:03:40'),
	(9769, 'Image Request', 'Info', 'Attempting to get data from campus with GET', '2023-04-17 22:03:40'),
	(9770, 'Image Request with ID', 'Info', 'Attempting to get data from campus with GET id: 1', '2023-04-17 22:03:40'),
	(9771, 'Image Request', 'Info', 'Attempting to get data from campus with GET', '2023-04-17 22:03:40'),
	(9772, 'Image Request with ID', 'Info', 'Attempting to get data from campus with GET id: 1', '2023-04-17 22:03:40'),
	(9773, 'Image Request', 'Info', 'Attempting to get data from campus with GET', '2023-04-17 22:03:41'),
	(9774, 'Image Request with ID', 'Info', 'Attempting to get data from campus with GET id: 1', '2023-04-17 22:03:41'),
	(9775, 'Building Request', 'Info', 'Attempting to get data from campus with GET', '2023-04-17 22:03:54'),
	(9776, 'Location Request', 'Info', 'Attempting to get data with GET', '2023-04-17 22:03:54'),
	(9777, 'Campus Request', 'Info', 'Attempting to get data from campus with GET', '2023-04-17 22:03:54'),
	(9778, 'Room Request', 'Info', 'Attempting to get data from Room with GET', '2023-04-17 22:03:54'),
	(9779, 'Connection Request', 'Info', 'Attempting to get data from campus with GET', '2023-04-17 22:03:54'),
	(9780, 'Image Request', 'Info', 'Attempting to get data from campus with GET', '2023-04-17 22:03:54'),
	(9781, 'Image Request with ID', 'Info', 'Attempting to get data from campus with GET id: 1', '2023-04-17 22:03:54'),
	(9782, 'Image Request', 'Info', 'Attempting to get data from campus with GET', '2023-04-17 22:03:55'),
	(9783, 'Image Request with ID', 'Info', 'Attempting to get data from campus with GET id: 1', '2023-04-17 22:03:55'),
	(9784, 'Image Request', 'Info', 'Attempting to get data from campus with GET', '2023-04-17 22:03:55'),
	(9785, 'Image Request with ID', 'Info', 'Attempting to get data from campus with GET id: 1', '2023-04-17 22:03:55'),
	(9786, 'Image Request', 'Info', 'Attempting to get data from campus with GET', '2023-04-17 22:03:55'),
	(9787, 'Image Request with ID', 'Info', 'Attempting to get data from campus with GET id: 1', '2023-04-17 22:03:55'),
	(9788, 'Building Request', 'Info', 'Attempting to get data from campus with GET', '2023-04-17 22:05:19'),
	(9789, 'Location Request', 'Info', 'Attempting to get data with GET', '2023-04-17 22:05:19'),
	(9790, 'Campus Request', 'Info', 'Attempting to get data from campus with GET', '2023-04-17 22:05:19'),
	(9791, 'Room Request', 'Info', 'Attempting to get data from Room with GET', '2023-04-17 22:05:19'),
	(9792, 'Connection Request', 'Info', 'Attempting to get data from campus with GET', '2023-04-17 22:05:19'),
	(9793, 'Image Request', 'Info', 'Attempting to get data from campus with GET', '2023-04-17 22:05:20'),
	(9794, 'Image Request with ID', 'Info', 'Attempting to get data from campus with GET id: 1', '2023-04-17 22:05:20'),
	(9795, 'Image Request', 'Info', 'Attempting to get data from campus with GET', '2023-04-17 22:05:20'),
	(9796, 'Image Request with ID', 'Info', 'Attempting to get data from campus with GET id: 1', '2023-04-17 22:05:20'),
	(9797, 'Image Request', 'Info', 'Attempting to get data from campus with GET', '2023-04-17 22:05:20'),
	(9798, 'Image Request with ID', 'Info', 'Attempting to get data from campus with GET id: 1', '2023-04-17 22:05:20'),
	(9799, 'Image Request', 'Info', 'Attempting to get data from campus with GET', '2023-04-17 22:05:20'),
	(9800, 'Image Request with ID', 'Info', 'Attempting to get data from campus with GET id: 1', '2023-04-17 22:05:20'),
	(9801, 'Building Request', 'Info', 'Attempting to get data from campus with GET', '2023-04-17 22:05:36'),
	(9802, 'Location Request', 'Info', 'Attempting to get data with GET', '2023-04-17 22:05:36'),
	(9803, 'Campus Request', 'Info', 'Attempting to get data from campus with GET', '2023-04-17 22:05:37'),
	(9804, 'Room Request', 'Info', 'Attempting to get data from Room with GET', '2023-04-17 22:05:37'),
	(9805, 'Connection Request', 'Info', 'Attempting to get data from campus with GET', '2023-04-17 22:05:37'),
	(9806, 'Image Request', 'Info', 'Attempting to get data from campus with GET', '2023-04-17 22:05:37'),
	(9807, 'Image Request with ID', 'Info', 'Attempting to get data from campus with GET id: 1', '2023-04-17 22:05:37'),
	(9808, 'Image Request', 'Info', 'Attempting to get data from campus with GET', '2023-04-17 22:05:37'),
	(9809, 'Image Request with ID', 'Info', 'Attempting to get data from campus with GET id: 1', '2023-04-17 22:05:37'),
	(9810, 'Image Request', 'Info', 'Attempting to get data from campus with GET', '2023-04-17 22:05:37'),
	(9811, 'Image Request with ID', 'Info', 'Attempting to get data from campus with GET id: 1', '2023-04-17 22:05:37'),
	(9812, 'Image Request', 'Info', 'Attempting to get data from campus with GET', '2023-04-17 22:05:37'),
	(9813, 'Image Request with ID', 'Info', 'Attempting to get data from campus with GET id: 1', '2023-04-17 22:05:37'),
	(9814, 'Building Request', 'Info', 'Attempting to get data from campus with GET', '2023-04-17 22:10:15'),
	(9815, 'Location Request', 'Info', 'Attempting to get data with GET', '2023-04-17 22:10:15'),
	(9816, 'Campus Request', 'Info', 'Attempting to get data from campus with GET', '2023-04-17 22:10:15'),
	(9817, 'Room Request', 'Info', 'Attempting to get data from Room with GET', '2023-04-17 22:10:16'),
	(9818, 'Connection Request', 'Info', 'Attempting to get data from campus with GET', '2023-04-17 22:10:16'),
	(9819, 'Image Request', 'Info', 'Attempting to get data from campus with GET', '2023-04-17 22:10:16'),
	(9820, 'Image Request with ID', 'Info', 'Attempting to get data from campus with GET id: 1', '2023-04-17 22:10:16'),
	(9821, 'Image Request', 'Info', 'Attempting to get data from campus with GET', '2023-04-17 22:10:16'),
	(9822, 'Image Request with ID', 'Info', 'Attempting to get data from campus with GET id: 1', '2023-04-17 22:10:16'),
	(9823, 'Image Request', 'Info', 'Attempting to get data from campus with GET', '2023-04-17 22:10:16'),
	(9824, 'Image Request with ID', 'Info', 'Attempting to get data from campus with GET id: 1', '2023-04-17 22:10:16'),
	(9825, 'Image Request', 'Info', 'Attempting to get data from campus with GET', '2023-04-17 22:10:16'),
	(9826, 'Image Request with ID', 'Info', 'Attempting to get data from campus with GET id: 1', '2023-04-17 22:10:16'),
	(9827, 'Building Request', 'Info', 'Attempting to get data from campus with GET', '2023-04-17 22:10:19'),
	(9828, 'Location Request', 'Info', 'Attempting to get data with GET', '2023-04-17 22:10:19'),
	(9829, 'Campus Request', 'Info', 'Attempting to get data from campus with GET', '2023-04-17 22:10:19'),
	(9830, 'Room Request', 'Info', 'Attempting to get data from Room with GET', '2023-04-17 22:10:19'),
	(9831, 'Connection Request', 'Info', 'Attempting to get data from campus with GET', '2023-04-17 22:10:20'),
	(9832, 'Image Request', 'Info', 'Attempting to get data from campus with GET', '2023-04-17 22:10:20'),
	(9833, 'Image Request with ID', 'Info', 'Attempting to get data from campus with GET id: 1', '2023-04-17 22:10:20'),
	(9834, 'Image Request', 'Info', 'Attempting to get data from campus with GET', '2023-04-17 22:10:20'),
	(9835, 'Image Request with ID', 'Info', 'Attempting to get data from campus with GET id: 1', '2023-04-17 22:10:20'),
	(9836, 'Image Request', 'Info', 'Attempting to get data from campus with GET', '2023-04-17 22:10:20'),
	(9837, 'Image Request with ID', 'Info', 'Attempting to get data from campus with GET id: 1', '2023-04-17 22:10:20'),
	(9838, 'Image Request', 'Info', 'Attempting to get data from campus with GET', '2023-04-17 22:10:20'),
	(9839, 'Image Request with ID', 'Info', 'Attempting to get data from campus with GET id: 1', '2023-04-17 22:10:20');

DROP TABLE IF EXISTS `rooms`;
CREATE TABLE IF NOT EXISTS `rooms` (
  `id` int NOT NULL AUTO_INCREMENT,
  `enabled` tinyint NOT NULL DEFAULT '1',
  `type` enum('room','toilet','office') NOT NULL DEFAULT 'room',
  `name` varchar(255) DEFAULT 'room',
  `info` text,
  `size` double DEFAULT NULL,
  `building_id` int DEFAULT NULL,
  `location_id` int DEFAULT NULL,
  `floor_id` int DEFAULT NULL,
  PRIMARY KEY (`id`) USING BTREE,
  KEY `FK_room_building` (`building_id`),
  KEY `FK_room_location` (`location_id`),
  KEY `FK_rooms_floors` (`floor_id`),
  CONSTRAINT `FK_room_building` FOREIGN KEY (`building_id`) REFERENCES `buildings` (`id`),
  CONSTRAINT `FK_room_location` FOREIGN KEY (`location_id`) REFERENCES `locations` (`id`),
  CONSTRAINT `FK_rooms_floors` FOREIGN KEY (`floor_id`) REFERENCES `floors` (`id`)
) ENGINE=InnoDB AUTO_INCREMENT=5 DEFAULT CHARSET=utf8mb4 COLLATE=utf8mb4_0900_ai_ci;

REPLACE INTO `rooms` (`id`, `enabled`, `type`, `name`, `info`, `size`, `building_id`, `location_id`, `floor_id`) VALUES
	(1, 1, 'room', 'A313', 'UNUM room', 12, 6, 7, 2),
	(2, 1, 'room', 'A312', NULL, 11, 5, 1, NULL),
	(3, 1, 'room', 'B123', NULL, 2, 2, 3, NULL),
	(4, 1, 'room', 'C222', NULL, 1, 4, 2, NULL);

DROP TABLE IF EXISTS `users`;
CREATE TABLE IF NOT EXISTS `users` (
  `id` int NOT NULL AUTO_INCREMENT,
  `enabled` tinyint NOT NULL DEFAULT '1',
  `email` varchar(255) CHARACTER SET utf8mb4 COLLATE utf8mb4_0900_ai_ci DEFAULT NULL,
  `username` varchar(255) CHARACTER SET utf8mb4 COLLATE utf8mb4_0900_ai_ci NOT NULL,
  `password` varchar(255) CHARACTER SET utf8mb4 COLLATE utf8mb4_0900_ai_ci NOT NULL,
  `privileges` enum('all','room','building','none','campus') CHARACTER SET utf8mb4 COLLATE utf8mb4_0900_ai_ci DEFAULT 'none',
  `created` date DEFAULT NULL,
  `campus_id` int DEFAULT NULL,
  PRIMARY KEY (`id`) USING BTREE,
  KEY `campus_id` (`campus_id`),
  CONSTRAINT `FK_users_campus` FOREIGN KEY (`campus_id`) REFERENCES `campuses` (`id`)
) ENGINE=InnoDB AUTO_INCREMENT=8 DEFAULT CHARSET=utf8mb4 COLLATE=utf8mb4_0900_ai_ci;

REPLACE INTO `users` (`id`, `enabled`, `email`, `username`, `password`, `privileges`, `created`, `campus_id`) VALUES
	(1, 1, 'test@test.com', 'Hello Theasdasdsare', 'pass', 'all', '2023-01-08', 1),
	(2, 1, 'test@test.com', 'Hello Theasdasdsare', 'pass', 'all', '2023-01-08', 1),
	(6, 1, 'test@test.com', 'Hello Theasdasdsare', 'pass', 'all', NULL, 1),
	(7, 1, 'test@test.com', 'Hello Theasdasdsare', 'pass', 'all', NULL, 1);

/*!40103 SET TIME_ZONE=IFNULL(@OLD_TIME_ZONE, 'system') */;
/*!40101 SET SQL_MODE=IFNULL(@OLD_SQL_MODE, '') */;
/*!40014 SET FOREIGN_KEY_CHECKS=IFNULL(@OLD_FOREIGN_KEY_CHECKS, 1) */;
/*!40101 SET CHARACTER_SET_CLIENT=@OLD_CHARACTER_SET_CLIENT */;
/*!40111 SET SQL_NOTES=IFNULL(@OLD_SQL_NOTES, 1) */;
